station_id,metro_trips,Motivo no Destino e Zona de Origem -  residencia ,empregos,Viagens Diárias Atraídas por Motivo e Zona de Destino –Refeição,emprego Creditícios Financeiro,Funcionário Público,Viagens Diárias Atraídas por Motivo no Destino e Zona de Destino - residencia ,Viagens Diárias Atraídas por Motivo e Zona de Destino – Lazer,emprego servicos -  Administração Pública,Viagens Diárias Atraídas por Motivo e Zona de Destino –assuntos Pessoais,renda até 2.640
2,49087.2320241361,55047.13234892117,36004.9994805414,2050.4529752303843,993.4565696373196,2428.4093417825998,15457.838573542345,2635.046992698912,1689.2372699891746,2954.1474288004283,477.24134324180284
3,19939.310500212658,41789.24947224202,22822.496531330835,767.1135958103736,998.5972709316418,915.6362910379835,10003.794170110035,2259.406805070682,926.0432784002461,2363.0744772310713,561.5673033673394
5,17311.095764448437,32702.417423427796,26267.864704435393,828.4391490463191,1407.672975176018,247.93690716938522,6954.409739199644,1819.311620382958,336.967180850968,1576.9979450011467,321.7057804182739
6,11483.248168507529,16722.761681183078,11879.353392431129,506.70561642954334,367.13430399682437,73.91071719648609,17556.327019648405,3280.345080110443,0.7435023104129165,1861.0745638394276,1922.3916483136104
7,41968.92173443932,34945.13034111198,23808.069647556906,240.04913454228404,640.2782379252145,450.55074451250755,18246.0755273676,2091.5797606598853,144.97197909396144,2440.39837873717,781.7306082163442
9,199571.62018195394,174486.71502320442,147448.57695104505,12304.870795042209,10704.159260619255,20834.97290638499,47611.78287994675,12213.300294194407,24542.713005335576,24571.789631283493,6573.810328828245
11,34442.453138167555,38445.30453987168,24193.334652107904,482.55131052081737,606.5215085507252,2547.35982337542,9431.802171192954,1751.9249857091277,2668.4322668814125,2105.010935078123,2071.4075140625114
12,13211.30920085222,22618.97784213932,8570.000416730123,160.64794940166874,6.79176937172912,186.77630532997236,27318.29396580188,2091.418128967334,134.3297808069454,2785.1416736058163,7903.075632590273
14,18546.58847621775,28129.58738872943,16446.30615521609,171.4921084625327,869.6840322707775,294.45382512276376,15333.436495295788,2036.908279289192,179.7184238558412,1853.6534370285785,814.654900575293
16,15648.503129929235,30512.505534226657,24006.502787740585,719.018893095927,1255.9423767516425,247.12450265726488,6694.112292118734,1708.7404656381962,370.4557622991415,1631.2983548458828,303.4289877501419
17,62159.983669726455,67004.86213089417,43043.413185126214,238.62456821315362,728.0439813450004,917.8192616577609,22510.32524489426,1944.5143615229872,1202.02090437606,4667.842565561084,2870.221573334724
19,45547.915929238574,48675.96208108518,34123.23467001367,340.5705377187974,894.8633737373237,587.3275225954337,23101.29656543792,2357.5263634136636,702.9982113464774,4577.941741273169,2024.6008442162129
20,183656.8504184729,179618.7716728609,135455.83927668075,5483.399702394318,8166.461687513077,1876.7201752874068,39150.418289730645,12090.71587798782,1547.8783896227,6236.0277667114715,1617.47602296411
21,15550.196552360718,31071.44905872364,28171.50903641668,808.9060743810534,1369.8951566337796,80.60412346235415,11075.416865643574,1839.660542259222,152.94583353162352,1886.6377941318774,336.08682354441487
23,13449.798923852404,26358.911337177356,21663.537301445205,548.1244030241774,1502.4134136518483,437.61897668432454,5116.611487815164,1399.3682797181623,297.6722131653803,2801.2462230698534,328.5440741942895
24,7808.264328057599,14115.056509835882,10248.609003740494,101.80724482437812,0.0,108.5292687888369,22754.193286548547,1223.088235697963,0.0,1994.354254498909,5931.847765176868
25,14562.58995739581,31830.79425552527,25003.042350016058,1227.01708669165,527.6054644787682,176.47282194004057,24292.066083315032,4379.544226767651,107.5843530152877,2642.2532243596193,395.7071404548075
26,18506.137994374396,28773.50611537696,12891.863473969595,278.35328337179334,313.47827914605006,658.2240383912897,41221.912784893364,2591.088299921961,83.52855310989831,2988.932132044776,5381.433070217027
27,14225.621486647307,29545.908694675916,14315.106168518907,278.98475420055627,321.98873850767626,613.9649450000974,35055.257051232744,2958.739833524586,81.4577943358752,2701.24743413574,8120.089594868171
28,38010.48995641544,56177.02327242117,26626.443236368013,1021.7890418532821,95.03592948823365,480.12344809582606,26200.832662042365,6447.119619645796,284.69837855563975,3207.410095587989,2932.6229068477955
29,50219.31412981998,52953.22678859931,31294.523418912646,1741.2591896848273,745.5605350509783,511.4978481716319,23334.13362409416,4383.255840835419,435.18482702353515,4816.329809363274,208.4742579340023
31,53693.050421971726,66971.64951214328,51745.382814025754,2706.707400175116,4600.443914678525,4149.981962455613,18421.531203846007,4452.816909861601,867.4505860942336,3522.9080936206296,336.741277262904
32,21040.85699520199,27747.895110286598,16236.451030611915,309.4280169904386,1458.9077144035473,1110.1181581899561,16719.022307966618,2696.7913345051684,587.9430878337522,3327.517363618801,2126.1650291683904
35,16227.540513008242,34362.436615839804,12213.028736730394,304.04567163578287,0.7494858476422045,659.4627856624879,13559.352679307318,4969.944171855778,355.21208864343356,5875.824675727578,7644.4634079896605
37,65554.3917225494,60555.2979119806,41811.88514748577,1706.0181826098233,1244.4510885653033,3943.1982333014384,16335.057286740319,2786.21237492882,4835.278179276508,4065.796562384733,4014.872059336239
38,9718.028579523929,15583.57276291378,8771.888232795109,0.0,0.0,189.29943804124431,30829.20891160367,3288.465644542029,119.40698003306434,1361.03635789377,6518.948386051474
39,27507.928752127224,56611.72308775228,33438.991168366425,1426.849441753407,970.9391014754734,390.8438604203764,18172.229042372426,6694.505096694777,0.7301146291195216,4222.396937275273,312.8831891980517
41,51661.06018655764,69070.52717963782,59055.52847773735,3863.443723429014,8546.982074151394,858.5265579472908,13314.080949374735,6735.073653117748,1407.5135296859985,4894.7714702411895,265.3431609235384
42,11742.859939368429,27072.18226432283,14649.146553842249,301.16303293125327,131.06209788931955,164.20517096224418,28610.79358688192,1600.074012637071,36.02454910124837,2631.761873385495,8077.95011359191
43,41570.30041316918,68337.52315959039,60112.92092377666,3132.349476673732,4574.5212040719125,878.6264077547361,21495.32993486461,8294.273722935963,989.6113761312723,3573.8672016762503,137.87442865993899
45,10539.731760294015,23235.759922513054,12148.04299168891,362.93309077635365,394.20944060642535,583.5714243918867,28261.3011101998,1193.56923754641,177.9937743179181,1385.7599348778363,6070.02139115937
47,12902.599699620496,19371.087599299524,9576.41904215785,165.2440207666362,398.8834023483297,626.8696557789525,21215.119666910767,1281.2614088942491,357.25523563158015,3308.242719423744,5069.877687943348
48,139454.16734068794,153450.1268887139,97483.3495073482,6933.651238573883,6904.564394354123,6147.802307231768,57094.886378887015,16720.993929863915,5732.736397129047,10707.15260271952,2379.9050543084895
49,61992.4201269367,66267.6236828479,42191.629437120246,3495.397908239386,1014.923656504831,2546.62174586676,22874.395004383045,3508.273405229519,1370.4622509755466,4899.4020111417985,1067.2121817766647
51,28847.777142559964,37565.837552237375,23037.171630671884,443.24517784373245,2027.7456897632983,1921.7734860291703,22847.835284624674,3610.618656491692,1004.1940112039191,4556.410297748979,2774.504806755991
54,5651.252602368554,20314.211918827405,11475.499093083294,348.86383711615764,93.73172366423614,491.906561663713,20864.55610119565,2043.613344561259,304.26784960473896,2814.9350092196364,4051.8761304650398
55,7806.06787733929,11055.152864230637,7204.333289268085,0.0,0.0,425.63986754089547,28345.740109508602,2562.0508524554416,113.77228455149465,983.4355347148424,8010.703586116343
57,21848.62618563553,40383.42022618954,24737.918319921086,464.55789745822676,1726.856879985668,700.7275247998298,9828.901479720207,2076.0922193784777,718.7872612106669,2874.4672717086537,428.87855370844824
58,148931.16598781713,127638.97097364897,87942.25729942381,7311.926853493492,4725.645665805189,16518.498885288405,48553.40010352657,6881.209093328467,18841.725441771923,15537.175621721204,10805.010688058017
59,109189.33173271031,99953.59307571374,75895.59222483764,3532.474601149196,3735.408876588919,5510.142606909117,28216.559471581782,3386.057520082757,7574.678026837115,5968.813859247516,6846.882805312714
60,80684.45619800966,84281.53318832547,64192.81630895375,2013.8851910149042,3831.460379964881,1034.844972055959,52609.36370659505,8164.171455335888,1411.687693891039,5192.614856674746,506.5496051648928
61,28728.085416917755,49397.18625136411,35702.638418913724,1588.9758359886123,1530.226016917106,902.372164463789,26500.43099953035,3208.2989863745934,251.81414239433846,3143.0860450898685,179.52928254347913
63,13048.156683119596,21862.190791331366,11354.774561316723,6.025609884664382,163.3791889797269,242.6247932371252,25314.232069379803,1713.6923995595723,118.5463370897278,2073.2216038868214,3596.115546880048
65,49919.32879217345,64402.552190353046,51163.72855050142,2039.987638499117,3016.9362809971776,4392.460996308227,22947.093749323547,5213.505019475546,687.2468052259404,3186.5354888144316,363.51696357982007
66,83768.93642844993,89504.92808776858,53190.18238776045,2812.259979998495,7267.202367887833,1090.5684957995936,18514.18394124061,5290.390543051535,1337.478956503774,10435.589572196772,1127.738754794808
67,11410.99601176747,16762.35359410197,8583.747539437027,83.65691146292787,288.1327994356793,282.64158155936826,20254.300020756524,2852.1539842055868,199.9429416614241,2064.457005538361,1924.1331312431032
68,98414.7692259429,94669.8546276015,66151.38363075188,1393.4325399374006,2861.220273363412,1342.4146454130234,34635.727088166306,7311.485286882643,520.6086104436241,4158.881678815322,1619.1974664851682
69,12760.77612476171,17184.915629344785,10952.105560984497,235.8465572894768,450.27999917130603,305.9476606452834,21223.28077882219,1082.6006849246794,0.0,2299.9660068031817,3994.371840014594
70,150396.5385260172,161480.47040855628,129066.38405292341,8623.03616002281,17843.086337858556,5119.54700357568,29890.733193859,11078.853589650904,2579.800856624517,8346.241260786555,741.7457024105063
71,91796.54513136524,90464.98873438236,66501.12734382895,3742.490345507883,4264.271516291242,8533.9244593813,26603.953460779627,2720.8782565062124,10869.737662072856,7904.843481020218,4805.428145789928
72,8881.732096813254,23908.41119242299,13929.84528435398,251.9873965387971,98.60794423043389,120.58620819856881,15431.346758495023,2334.2324749821837,85.76278533116826,2483.6039206276487,2888.8788046917234
74,41015.21855812275,56808.389958766726,48272.65617358357,2790.6136999874398,7088.476943670709,704.2152089292039,8978.638061779418,4674.392796465024,1147.9389332489966,4779.615622366823,311.5987381149614
75,22781.612584644077,31316.100243996676,18682.0435638918,160.3930802651999,20.518301384543392,478.7959499084183,3396.5681298723593,2763.288577300663,551.6887248393084,4029.5402368904683,1025.9384483886522
76,39486.89213751393,37992.28984531465,24964.936507468214,1226.064377702292,954.5672653714099,616.6598477891777,35222.39304764357,5026.2215983167125,792.0955367530969,6542.227209752242,2079.684158729413
78,204424.46891729714,183628.35460733523,144163.96038421136,9892.725455021897,10633.34199833801,14028.033804640241,46946.209282915166,11447.025323760667,14970.678520691585,17945.202070519787,5451.106033885652
79,15440.378149700393,34905.54976951388,20709.95622199228,1436.3296108397585,240.06199354208752,579.9182764075578,22569.206375493828,4689.0333933969105,47.12176121697593,3891.9607779256276,2773.595261001544
80,130553.55251611069,131831.06558878097,100758.97330142451,5315.164460663069,7965.893685918847,5335.233371853469,52356.769383210376,9293.855763112128,4958.684666936301,10101.997142363307,2434.6356513673745
82,59150.513031573966,66106.51503531731,39989.17406223512,3512.7156503038104,958.2848552807529,1826.7473478393586,25297.310100645755,5400.300015485476,1183.6819597042388,5258.845531762735,890.443818239356
85,12814.848795779199,25460.561812579515,15370.518813843311,256.122493335671,707.4250704208958,371.2683441388309,25315.237479193067,1978.44946443477,197.25332750916687,2239.6945246466626,5193.022154654707
86,30852.60461057054,36702.01195515582,21021.541861881604,1432.5741443791223,406.98107909009514,308.6727665676534,24058.78979352296,4385.8375531437305,203.15812551338155,2741.7443734373624,1239.9770190659647
87,33064.57940620381,48951.602950940265,35999.32079592035,1380.669787105087,977.1965869492368,3342.3496200497157,20850.803205373562,4439.492488447466,567.539302284281,3266.4519220766597,287.49456801565236
88,184272.5613892721,166217.0926333257,137467.6657369817,9426.990860344926,10299.51893270459,14978.445902855457,24732.177916563836,4937.298871871751,19030.214795053806,15027.543559669246,4670.356928593348
89,139719.5354038988,124436.96702155966,66761.01905862753,2630.767023134448,1812.56919833027,3649.3273414239206,34206.03530264105,5069.415244059071,2607.892612198252,5195.670274996381,3583.709132671781
90,25711.57984448814,26520.1056031744,17730.912359187336,553.6852901643474,1039.494194591537,56.02417763805844,22260.888757267097,2737.192165027125,1.423573272536408,4094.9737888170825,1225.1491750180971
91,9747.687633638307,13495.128882992913,8478.388016314193,22.110881334172813,0.0,23.570795846740236,25613.226790646113,915.6990921814797,0.0,1391.0092425853004,3631.948311551895
92,6129.17774035018,22445.760431481358,13248.328019764514,439.9865880677112,93.33444857410701,436.7689121480979,22195.790611033084,1839.2320326989793,271.60321159018065,2961.962778107238,4382.8000848872825
93,9696.325802976058,19123.37670977549,11806.96138678441,368.66893760638675,127.11744887491012,423.3508418372896,12492.972771782343,1553.3093440102346,166.19462142995434,1806.3858530041568,960.8299465551905
94,12153.839165233963,20060.847742382288,10913.196316196356,21.318460862539855,59.31112152336384,83.15835864611881,30808.856207876383,1496.2809202458245,8.917473096438458,1252.7097932699787,12134.502640335655
95,37347.383812790955,35234.54434974158,24054.016288114595,900.7173238760115,1326.6608642365763,132.07647523769154,30886.458512349833,4088.613613243969,129.23422250524138,6083.90872809345,1600.811262692087
96,177923.73057106964,155992.6817101107,124205.74373717005,10100.705571261144,8874.326543247853,20618.14273161194,37519.18159498169,6553.598252789788,25154.359016590548,18709.657974017555,8619.28901522406
98,7292.255637059033,13520.821334051227,11118.84064022047,562.3790010407168,28.54929789751861,93.90950498478551,14435.259681280582,1993.6210735730838,421.44802328046154,1113.8754284870915,2510.4944682190403
99,56311.828189574066,79146.29717003237,39655.09290769274,1615.7222662386112,1305.584269270167,546.1035469493476,23768.035347023797,4537.645517994208,182.2432004050349,7648.482020715012,1646.6826263805401
101,221224.97651937092,231396.3116926431,193212.1496559068,9640.570210243504,19337.386842619195,3945.4803409606893,45063.59749586099,16632.874292390446,2896.6857639644036,10312.708533037232,1015.7997593303253
103,142772.7249990599,126510.80427335305,75146.53597296416,2431.570685646824,2607.6338074385426,2689.7679840056467,31636.81397749183,7049.650141825097,1490.911864589864,4377.526876516049,1643.9927114608379
106,16114.690638886761,23066.532854044122,11487.061197531502,145.69548375047853,352.5418060233317,472.7724470701878,40367.62472498674,1734.3783768469866,115.56690224794151,2270.4212163921143,4488.444745227997
108,17952.632476415063,29365.808212638865,22034.38744061728,1117.3296781227666,178.02712930539937,172.73124659963932,23278.095917593964,4168.697927529099,132.79848677201684,3359.516093687914,137.27643289392606
109,59596.96088676402,60443.372484085114,35214.02190261439,1539.101658191185,830.8930242997219,510.1113889601423,27221.597160169636,4597.7928353961925,481.4087361567408,5787.557396712084,535.1116000352347
110,10042.115325716863,19120.093031525303,11864.949978189194,243.22081478038183,218.98684376675754,189.56822880499206,19374.80804289295,1620.1376491371282,218.44677036561782,2551.7898584454215,3455.330976734275
111,20347.003436528215,26047.63017650197,13703.382375150108,8.777924406608797,267.4759036743272,823.2970581209509,15241.181198981209,2072.5119486372514,388.6549775770715,1966.4383948067118,517.8925907377547
112,10272.502893320929,19040.366941662247,13231.11845285476,390.4709579397231,196.9455279451149,405.1699183471155,15688.227988897448,1383.370975177843,264.5167253419881,1577.2577395159624,1819.1676803329906
113,8561.797854385848,17867.148380220722,11928.32044573586,104.0426306295912,0.0,110.91225034696889,26761.16796038709,2178.2324788623755,21.806838829915748,2456.056769530016,7285.706604202498
114,12704.637731934294,26120.487664182918,12300.22862300685,219.35670651231993,832.4248332893105,203.87641677266154,22291.080267916343,2893.4985244806057,146.76088274213885,3329.0162865176494,1857.0270496411881
115,26880.45287403441,60848.29566457548,32136.82894396878,677.0130338798115,536.5815907997438,807.0307514387436,17088.817706630896,2311.5170401604933,1548.8384254587068,7679.265078134494,1330.4541608686422
116,10325.788414111907,25233.409335918182,14388.9068323069,259.22593953495664,399.47260052741433,400.08266457263613,22504.965913008375,4317.651715920547,614.2998567156388,1653.0703525570536,1553.7054861349538
117,27444.101606224107,49228.33344579298,27698.423955955186,495.6965410706139,158.4275501802356,802.3216393994882,8682.85974517075,2585.7798137202076,1529.88339050078,7979.076227666914,1901.6430946373052
122,5621.1097827753065,8879.41054071676,3624.0357428768375,0.0,0.0,304.45508723120247,12448.373630249756,736.0733810337823,57.401197155220586,1181.888359159574,4963.173332551572
123,2324.746497730187,4899.036504942591,2281.4987492621817,82.9663589392312,0.0,130.12770120936528,7008.481323787271,447.438378318399,12.3178791612939,184.95428860029406,2378.856292564417
124,1956.8644144324908,4210.701063148912,1958.6108495519861,69.9760575395879,0.0,119.21119188248878,5886.622941129808,393.65831833849177,12.442583388355992,159.83177150937945,2033.0343856425925
125,1143.5972037836113,3060.970636449925,1793.8792571356062,29.594813017306322,12.211967650990694,33.476765935947576,3059.0916230186795,131.67601927556686,82.68478922117863,1.2556264597593125,177.1869654461346
126,3446.4033540132814,5376.403283590382,2663.1851901684317,0.0,0.0,243.6925098535739,6918.919247441683,106.66853807149494,48.27465175299898,228.82575536136716,2300.613281161368
127,5511.877302665754,11716.289296034027,5576.983365455884,0.0,0.0,285.99678275978266,17805.495187209333,1070.9601813910954,119.4317923632345,1082.501000742219,4114.339505557101
128,6225.732931129534,12590.032598826212,5598.93079411749,0.0,0.15003911317506902,311.3820386978718,19615.261550950345,762.0128852599187,94.07522112640929,977.4995820797528,4101.860898805694
129,6257.107908259435,11443.875710433127,8089.485555446033,0.0,112.90443266423942,233.38789405559487,18648.06362219905,943.8119108518422,89.29077024683095,2056.7990257219694,3341.8462583761884
130,11067.054476128218,15607.993501101499,10678.980726295258,143.67289331501584,143.57737000825796,156.8473610911398,23498.632252898336,1066.0720519558593,163.64713586289176,2150.874828791414,3094.7138970993133
131,14457.05743736564,18761.57235293774,12920.981089777908,286.92806236543294,205.7016881127191,126.88938537478371,24577.925939089153,1400.3631913738427,288.9295033844015,2235.0559572393217,2847.2669760370904
132,31769.983493839347,62708.32310952113,41031.94591243296,1735.161743199403,1035.5796308025697,1012.4635593681481,15748.445147497088,2345.553414914411,1157.7103321858667,4960.372170918396,571.1620090142671
133,29615.31173346719,48192.520029414874,31374.501668765042,1779.2832304659646,1073.424244670641,459.35550173599654,14755.084427344224,3460.357730333578,624.8050443455817,4112.458021827851,1702.1599316021386
135,16096.482020359015,25221.429422745616,11688.844037156025,261.9982084312289,204.5100392662503,346.60465590931767,29647.322853764403,3904.5088162634706,841.3875308148254,1942.6630037475145,5683.2557187484745
136,17799.705139763322,23187.55632038386,9147.258393370204,255.03471198469302,194.29940715552624,363.77143381336964,36940.24608028375,2272.177977531175,716.4911906995594,1398.290809890702,7318.5256122127175
137,15939.336108859257,21351.113954601453,11745.827241954259,86.24296310659359,0.0,371.6104907056369,32979.075277780285,701.5288890999773,122.53894510702044,2988.4161687925116,13092.317997944287
138,12636.750424414076,15308.545810998747,6584.537409559924,61.44078599453876,76.56140184358173,172.57622511871472,21465.41962369909,925.686261503452,185.36687590351795,2086.23633530987,6308.674134750774
139,12563.285083946233,15023.320213489445,6546.662235038944,73.88714727569857,64.70340694524921,162.07999513244775,21762.532405967868,861.000601820988,207.18603817721612,2109.656730950558,6390.2629012867155
140,6741.909954770013,12297.535414349151,6301.50827377765,351.00937121344367,48.453255296447566,403.71242057640615,14029.67181783208,976.2664509616059,222.21825315212007,1283.0643421050672,3788.7782842811835
141,2915.16745418973,8652.67179707974,3513.146729767117,94.54490283243545,14.37207681730149,250.8620784852518,9582.380296856241,830.5759285510759,128.41251417333095,871.5434527606889,1672.4046708989365
142,1124.6366523079016,2783.7590783654623,1421.7962071023553,0.0,0.46924975020763765,81.26057065511841,4956.2290164666565,193.3435279708769,0.0,498.05959474083676,1967.0897178684438
143,1780.7911609240675,6391.926507672608,4533.430311804255,1.9048092351450292,25.487067383517264,71.6571180254746,10043.779590070193,103.60262508296502,0.4860094129715145,1099.7476947995726,5084.77649892502
144,3535.097207608648,14080.905402090217,7296.694243882428,150.28757199297758,23.710389402733753,181.5193427496656,8507.098559950697,831.6691235488659,28.642154737787916,917.5945209394031,2332.623970569804
145,3163.2674412752413,8384.147521637458,5006.279758691162,58.90765818114208,11.26398370919941,184.93935513639025,5270.151566633711,445.01689060928675,108.6259157592858,334.99314372734204,1825.2130602457962
146,27921.584360595625,35533.58453664984,24878.583808856318,340.3406269494136,784.9112353741403,1295.2176227638413,22683.52410852641,1979.201876964775,1850.8295405508595,3395.944621240533,556.6612837126902
147,21283.261641689158,31866.873489175752,21386.551967323852,436.6114964721487,689.6357861370569,677.3337531405948,18434.32567129333,2459.5305895596143,1014.9063009027417,2272.3953442411375,1028.918396709798
148,12102.914327020106,34088.96336307362,26105.256301646154,804.4321258342908,791.0492362016583,873.6689277363055,14691.451551100885,1335.2011481199247,329.3713606139954,2438.736122998662,1736.3941712866304
149,4073.4070028540937,17025.23539850912,12222.820342301064,244.54426484113492,296.75318094580587,342.75498323454565,18558.763036885022,1064.568613574365,126.00410613445995,2038.8923204862608,1356.1699599313483
150,6868.347900377273,27643.026117956222,19864.23371224285,882.879018779681,526.6497254314306,725.9438767101249,17249.951381891042,1171.8988171674332,899.3739843963104,2411.618428335658,853.6296639134827
151,9361.872612266692,45584.914327752515,29226.965915149307,1647.2168870138112,455.1810403542871,1724.8744234501858,17314.608496038356,2235.429024826014,2404.9202342679323,3666.8741062236722,1009.9856881604942
152,10775.374116674775,52067.6556102294,32634.72628106537,1927.1786504193208,460.1101978873526,2003.8174680586044,17047.39770531382,2627.385073958486,2812.7253955693936,4206.797923518034,473.04710650201514
153,6722.674145422385,27038.789908603092,13051.381904061349,578.8107186431678,276.39758380890055,1167.2049408606233,18634.545941378226,1719.271372394111,565.8892409571299,2262.344961753963,4364.161176815371
154,6720.502705584893,27304.326285191066,13165.542857653065,588.3575495350202,280.95645064834986,1182.2298001979511,18604.314958530435,1722.5494418284518,574.3439932323885,2282.6514444332574,4304.3363937682725
155,1166.330378807065,3286.087003295436,2109.5847193321792,25.825943112633297,4.625189212636267,149.28042430110386,2815.3550287741173,106.11180319887073,10.482813458547307,130.75505026693142,536.8886553060271
156,415.77926226234706,896.8220393235647,408.1789775815004,25.651154440495915,0.0,23.01604975103124,1359.6817376048923,31.18452044133174,1.4482539975191073,201.9972082182326,151.8026491758573
157,2035.7761257819727,4235.617261296415,1731.921773859004,0.0,0.0,120.5244883887464,4802.820622663661,265.23599996183066,0.0,86.06119045569966,1009.395965208108
158,3816.447994150479,6912.05386803978,2671.6462114837805,0.0,0.0,233.56187926504873,8497.377400583751,845.404121545061,60.384169664925665,606.2697422685696,1692.4408222723223
159,4960.77815190129,8715.582068679007,3322.274764375934,0.0,0.0,305.58549155178935,10912.785210924441,1189.959229952284,94.28405438909445,904.4318384754217,2147.6285460591944
160,8637.654373381762,14621.564913619732,5474.917328886286,0.0,0.0,536.1842231939651,18728.46296889687,2259.471949774894,196.689956160021,1814.4321278943137,3631.7796587415614
161,5807.046557668667,12583.504160849943,8708.04329965252,0.0,131.2920092096328,322.0690837763896,13558.715469563673,1430.3490157074573,237.86708849022077,996.0260287643517,3343.9412217377676
162,7644.679278293261,11591.61693690831,7750.988730627386,0.0,270.1640581666627,234.48577389740797,20252.416564795014,2439.2230409244794,84.95134470389247,1160.964362491232,4530.158280357317
163,7783.6068464053815,14547.176331594292,7761.815119576982,0.0,73.86003550357316,595.9768935803025,20445.027935982172,3301.8978099114356,172.1074971277676,115.9929721146212,6209.299498033939
164,5983.251934560993,16726.363555832166,10016.143144809754,14.918738804736467,69.21324255284617,611.1423372598515,15451.418719755186,2117.1787222894063,181.3640649553324,1169.1239964547588,4512.064737659226
165,7962.48592987386,18231.918721324222,12192.690661956325,81.92997152172107,262.0530778111917,1477.9418543384118,15937.89360716641,2491.6133131111083,917.1666989115417,547.2172017857965,6607.061041862556
166,3136.121670839313,8224.573473360539,6025.441183928723,63.3508459820934,332.93786334426625,397.0510264077116,9554.811657749113,905.8041709799295,287.8372738972067,564.8179317411169,5574.501921503134
167,5991.5808124974965,13548.557607685696,9202.041485739806,126.91273487684725,295.400764762428,500.3615466526057,16055.396304149994,1461.080194344603,404.0382419165696,1265.7043833347216,8558.690693578716
168,10392.154554348934,17237.56394479496,8407.37344402332,34.808523508934236,51.31828583515807,442.8783114791797,21786.522259638914,1534.9587012350416,535.0318845823523,2923.6027122716555,11277.830517207432
169,4106.515832690237,9249.011967171447,6700.38233402302,81.53036072946725,178.70161591449772,215.34250580555175,9834.481645112834,519.2186329351007,301.822247070214,1256.741769674334,4386.601948069128
170,5220.829656750895,11102.711100127717,4510.858375391113,72.79004865316283,0.0,226.2432385509683,15104.443711262593,545.4436173328049,146.79292942110933,2311.735145791106,8563.478014086344
171,5703.450779085732,15266.661212891842,10068.44903033815,129.27664763456556,152.03042487615983,681.5240997585468,11787.228483400842,406.370765071471,818.4057442819333,1555.870680472001,2890.673279712402
172,10830.242611606905,30985.072660209487,19399.959382375404,294.74040965468384,430.55552140134444,1535.652791200817,15351.193458104432,786.0765932739185,1483.4197309898798,2879.2093991958204,2304.9516734517524
173,18123.82636832817,34725.661030036405,23357.226108737592,699.7015233000832,1940.250274256127,1291.8852403119142,12345.480513196975,2114.5486876403065,1158.1208813126077,2079.7715948462464,1511.9185134115337
174,23529.316343524803,32888.28223282691,26532.767650330363,977.5391870752289,1025.1611131932946,548.3489180643218,17201.86055392149,1631.6556579263329,1186.4315665456857,1010.2817809185844,1171.9544478091905
175,7421.976963901483,16199.92405398445,14105.635081549599,117.34387393411131,126.28514161814708,250.52727566259296,12503.69882025848,1499.4607583471359,314.8162189947418,2190.8262752838077,862.1117792701145
176,99540.8210460408,91579.41254741215,72795.79328381282,3295.358907823839,4439.6913295361355,4757.188631734301,37673.65702488086,4303.549481803177,5799.170794422313,6234.598828008294,6560.942142056107
177,12584.853211433825,19533.217693921884,22436.414981073744,32.17759530490026,411.8052168334104,172.5068936897227,10395.814692070056,224.58724174114982,102.10701548808252,695.1477915791544,3117.802108060033
178,9165.563490840726,14670.469338386773,14341.732307887793,212.48853520121014,406.17047637514474,406.5634021603363,10094.986672677831,836.7801540993867,172.71428594483442,565.6546719384842,1589.3425959059373
179,13172.044614010378,21844.760781737106,12719.730498620054,170.42786266606836,373.6606726478988,1830.0305733411753,4133.154055403471,1539.1252970102826,1202.617006869954,1082.608977026415,551.5410208802479
181,13751.06835277179,30409.486519591093,32099.22122271493,1486.978210058021,3018.8383588166867,27.31779108931199,7145.249269553742,2362.4264822840264,123.4735111212642,1148.390601448789,72.0156372648911
182,40096.305564388946,62076.88589443779,78828.4409822627,4836.123426719014,9639.554572337645,35.70969081763223,7730.12997245402,3037.108023355415,241.6268037416043,1671.3005644443858,251.83802115264925
183,41386.42198532534,61899.57472520423,77202.32852313922,4536.101822690689,8794.914467516553,367.56664334580245,13930.609877027411,4359.495077453803,536.3564325409274,2494.7427250841133,557.2471650050591
184,18768.174596490993,34501.86142840701,31580.204369961753,931.8216260720644,1441.7705314547986,179.82776070629683,17443.052609709368,2942.370888067863,114.60976847088025,1813.8292323178584,3061.4078326682807
185,17531.119357044925,33654.13914398278,26292.946676026488,856.9509918831591,1333.6339307830406,137.71911996076588,25007.69807247407,3204.805227910573,22.547784264040768,1782.9598637663491,6279.017327145452
186,20448.498712682267,35176.286988245476,28843.104852079126,925.3745189593155,1520.2974411308444,198.30106975698135,14910.079851732815,2145.884070325628,75.64878732411503,1499.9631633411482,682.5599463188416
187,12795.778041875621,28479.971396349854,19718.962842542984,126.50210863180445,853.5671590360481,432.7644114850483,8231.581353362548,1081.6355444671617,375.81000203150836,1691.8556785883425,732.5775754068463
188,6176.295260444159,17360.424727650967,11090.524322750181,90.65680953511199,137.90118087710863,263.53577291287684,7560.37017917973,710.8577503606324,187.33735845188409,705.7462445226834,704.0940548516822
189,6086.427880189296,14772.81043611461,7843.791807669093,99.2320824634563,0.43491476590557804,302.39104188071275,16865.094137217173,485.29982017207305,16.02647793951884,1487.6968765917663,2213.8962933594375
190,6097.500086864137,13703.38082981885,7630.308724664324,73.03635793741991,6.63362227897239,318.4096613711936,16656.849717871908,529.541179986343,19.023833166679353,1595.5609517404605,2515.137328647409
191,5956.9513839768915,12052.56830513382,8212.989107706126,0.07329776757713108,75.08204320727458,739.8308046079776,18040.28959925621,939.1677606835808,29.442998471306172,1950.135324862362,6472.486355368677
192,5756.394510527776,14921.035626867368,8109.556029712799,0.0,0.0,210.97469717880847,23764.527639346794,701.4865579016985,30.871345745140562,1066.2584925114504,6003.266099374853
193,3499.084437348881,9147.571364931355,4701.508672300697,1.1371213414075587,0.49493985893052717,161.93003051997613,14454.1208798981,317.4085490773667,9.504139955330421,307.09281653654114,3740.087881048333
194,6473.7239708832185,6919.5725801477365,6829.644163710139,148.39837506727102,0.0,326.2363561931696,13703.434126354086,695.3250313262913,248.68302148436536,569.3847441850722,4477.906278143932
195,12906.098698642349,19101.7132728322,4373.468719729228,108.30000128659034,277.2247230503662,96.2946586906001,20761.833313900486,1218.512304461774,25.0798502955089,1256.4707507364233,11677.502219944869
196,12224.64570371648,28433.790009814882,5604.37964197568,190.59085537161275,365.045596612388,190.76653172577323,24301.30947954613,2220.0033997375167,33.02479235378328,2497.940866320053,11507.206245055844
197,6843.722017252982,28919.240625357375,12752.785478601709,251.89556285381423,318.6847883734583,928.9690539601469,16574.049902705883,1800.1557369437278,298.39443815719636,2709.5849316511963,3539.52785418598
198,11997.921895075924,21222.077248758553,7138.785765631237,0.4469214083569728,29.55418318853981,213.1703978459446,27928.524925853522,1262.1182147172303,55.92496879945441,1702.3047548133557,2699.098631720326
199,17425.543603316262,22124.069007847687,10143.511545298916,138.0362407733016,213.29204136408958,578.8137829063759,31980.039580707562,1268.5586232762953,44.00310097464556,2723.8890565357806,7572.548279358897
200,16380.369784436662,24201.538493552445,7332.448273238217,146.82368347593135,59.26244808977938,376.54970010746365,36636.08236594944,745.1438185865427,186.2004570596979,3045.0884009627166,12109.452904351721
201,3635.756612152435,11504.953795745781,4757.937713384345,62.36257467903632,31.919539968084393,89.7320628131071,11137.348524971127,1186.2725273750405,67.51086320726365,1854.5811755840791,3910.616465635579
202,8617.003032217275,14982.648766044396,7408.185592733498,0.15247573271158027,84.76545937310728,334.27488025707805,19366.69838897773,1649.8645140655578,501.9349850976986,1611.2369618384414,5757.263925010224
203,7835.876812907955,13912.068758545855,6832.041814748565,16.83205107102222,74.35241970151858,308.2924983056088,17993.28559771037,1492.7953554727362,438.4443199133821,1468.1523941487744,5234.484499194643
204,5496.597256735608,10751.88612884259,5311.45065660965,272.9448750219459,37.500000054261754,339.84659706549525,12303.26600443009,875.1157612573929,182.95555929452178,1103.8148328241798,3121.066800100178
205,1963.3254604358262,11254.510710669943,9067.301870998679,0.0,148.57744887921226,64.76568504020713,6861.75749829312,142.0134943557679,44.50381648088271,286.18727199700777,1934.8380282163807
206,1539.1097877102034,13234.253886212071,9285.015111393524,0.0,0.0,78.04945760668629,4573.370742927312,42.44189965723598,62.11502215012645,372.7174556807207,3783.2860680930094
