Rank,Zone_ID,Zone_Name,Coverage_%,Uncovered_%,Current_Trips,Predicted_Trips,Uncovered_Demand
1,69,Vila Olímpia,2.4,97.6,16414.0,48411.0,47273.0
2,488,Tamboré,5.4,94.6,18393.0,40636.0,38450.0
3,68,Chácara Itaim,33.8,66.2,35214.0,55219.0,36561.0
4,404,Suzano,3.8,96.2,58002.0,37100.0,35709.0
5,444,Jardim Zaíra,0.3,99.7,34756.0,30441.0,30344.0
6,401,Bonsucesso,0.0,100.0,25543.0,30035.0,30035.0
7,525,Amador Bueno,9.5,90.5,42589.0,33068.0,29917.0
8,439,Carijós,0.0,100.0,8965.0,29749.0,29749.0
9,476,Itapecerica da Serra,0.0,100.0,32733.0,29459.0,29459.0
10,298,Parelheiros,0.8,99.2,29885.0,28260.0,28034.0
11,473,São Marcos,0.0,100.0,26101.0,27838.0,27838.0
12,340,Cidade Universitária,18.8,81.2,44034.0,33875.0,27493.0
13,116,Parada de Taipas,16.5,83.5,47837.0,32021.0,26744.0
14,295,Belmira Marin,0.0,100.0,30463.0,26418.0,26418.0
15,144,Mandaqui,0.0,100.0,24931.0,26329.0,26329.0
16,486,Barueri,27.9,72.1,47851.0,35962.0,25929.0
17,457,Montanhão,0.0,100.0,4221.0,25804.0,25804.0
18,463,Diadema,0.0,100.0,16860.0,25631.0,25631.0
19,278,Jardim Miriam,0.0,100.0,23684.0,25374.0,25374.0
20,403,Miguel Badra,6.1,93.8,25847.0,26996.0,25335.0
21,526,Santana de Parnaíba,0.0,100.0,7437.0,25294.0,25294.0
22,363,Guarulhos,0.0,100.0,7906.0,24611.0,24611.0
23,141,Cachoeirinha,0.0,100.0,11607.0,24219.0,24219.0
24,202,Jardim Robru,0.0,100.0,35066.0,24154.0,24154.0
25,500,Vila Yara,23.2,76.8,7312.0,31074.0,23849.0
26,438,Jardim do Estádio,0.0,100.0,14738.0,23810.0,23810.0
27,205,Fazenda Itaim,0.0,100.0,31162.0,23603.0,23603.0
28,316,Parque Fernanda,11.9,88.1,34506.0,25877.0,22792.0
29,204,Fábrica Bandeirantes,13.2,86.8,31613.0,26017.0,22572.0
30,398,Poá,27.8,72.2,42616.0,31125.0,22488.0
31,465,Piraporinha,0.0,100.0,4452.0,21918.0,21918.0
32,167,Tatuapé,55.2,44.8,62434.0,48767.0,21838.0
33,499,Osasco,40.8,59.2,31254.0,36867.0,21811.0
34,170,Penha,16.4,83.6,20101.0,25937.0,21691.0
35,518,Cotia,0.0,100.0,8222.0,21557.0,21557.0
36,462,Reservatório Billings,0.0,100.0,5545.0,21342.0,21342.0
37,378,Água Chata,0.9,99.1,9584.0,21374.0,21176.0
38,442,Capuava,0.0,100.0,9476.0,20962.0,20962.0
39,456,São Bernardo do Campo,0.0,100.0,10267.0,20603.0,20603.0
40,166,Gomes Cardim,43.3,56.7,37829.0,36308.0,20576.0
41,440,Parque do Pedroso,0.0,100.0,8340.0,20307.0,20307.0
42,306,Centro Empresarial,25.9,74.1,26099.0,27205.0,20148.0
43,308,Jardim Capela,0.0,100.0,9807.0,19918.0,19918.0
44,276,Jardim Bom Clima,2.3,97.7,32058.0,20325.0,19850.0
45,226,José Bonifácio,19.4,80.6,37367.0,24041.0,19384.0
46,294,Cocaia,0.0,100.0,20975.0,19372.0,19372.0
47,119,Perus,10.5,89.5,33395.0,21093.0,18870.0
48,169,Parque São Jorge,39.0,61.0,51432.0,30885.0,18852.0
49,399,Itaquaquecetuba,40.9,59.1,40211.0,31683.0,18725.0
50,516,Granja Viana,0.0,100.0,2073.0,18573.0,18573.0
51,400,Quinta da Boa Vista,16.6,83.4,19544.0,22235.0,18553.0
52,364,Macedo,0.0,100.0,6062.0,18506.0,18506.0
53,466,Vila Conceição,0.0,100.0,5112.0,18333.0,18333.0
54,452,Planalto,0.0,100.0,2180.0,18286.0,18286.0
55,325,Jardim Mitsutani,0.8,99.2,27690.0,18344.0,18206.0
56,247,Vila das Mercês,0.0,100.0,15531.0,18117.0,18117.0
57,453,Paulicéia,0.0,100.0,2096.0,18010.0,18010.0
58,207,Jardim das Oliveiras,26.6,73.4,31423.0,24323.0,17841.0
59,443,Mauá,42.8,57.2,31157.0,30892.0,17673.0
60,229,Cidade Tiradentes,29.6,70.4,46787.0,24963.0,17564.0
61,109,Vila Zatt,25.2,74.8,34875.0,23422.0,17526.0
62,394,Ferraz de Vasconcelos,27.4,72.6,52456.0,24109.0,17503.0
63,474,Embu das Artes,0.0,100.0,12153.0,17499.0,17499.0
64,402,Pinheirinho,0.0,100.0,16056.0,17395.0,17395.0
65,494,Cidade Ariston,22.6,77.4,18961.0,22474.0,17393.0
66,396,Santos Dumont,23.0,77.0,47013.0,22575.0,17376.0
67,509,Munhoz Junior,0.0,100.0,10073.0,17372.0,17372.0
68,199,Jardim Helena,24.6,75.4,41923.0,22669.0,17084.0
69,156,Jaçanã,0.0,100.0,10086.0,17023.0,17023.0
70,45,Parque da Mooca,46.6,53.4,42211.0,31734.0,16937.0
71,44,Alto da Mooca,0.5,99.5,15694.0,16882.0,16804.0
72,374,Taboão,18.7,81.3,4361.0,20630.0,16768.0
73,357,Francisco Morato,6.4,93.6,31693.0,17860.0,16723.0
74,243,Moinho Velho,11.4,88.6,15913.0,18750.0,16605.0
75,410,Brás Cubas,11.5,88.5,15583.0,18672.0,16524.0
76,454,Rudge Ramos,0.0,100.0,7122.0,16270.0,16270.0
77,458,Demarchi,0.0,100.0,2226.0,16267.0,16267.0
78,133,Alfredo Pujol,41.3,58.7,16834.0,27599.0,16206.0
79,168,Chácara do Piqueri,49.9,50.1,28665.0,31929.0,15997.0
80,198,Cidade Nitro-Operária,37.6,62.4,12653.0,25628.0,15987.0
81,505,Jardim Veloso,0.0,100.0,23027.0,15925.0,15925.0
82,151,Jardim Guapira,0.0,100.0,12405.0,15866.0,15866.0
83,447,Ribeirão Pires,4.6,95.4,25082.0,16355.0,15594.0
84,159,Jardim Brasil,0.0,100.0,7263.0,15533.0,15533.0
85,524,Itapevi,42.9,57.1,38673.0,27073.0,15456.0
86,408,Estudantes,24.5,75.5,19745.0,20276.0,15307.0
87,351,Baltazar Fidélis,9.3,90.7,16467.0,16837.0,15278.0
88,277,Cupecê,0.0,100.0,12537.0,15214.0,15214.0
89,154,Vila Gustavo,30.1,69.9,18501.0,21714.0,15178.0
90,470,Parque Pinheiros,0.0,100.0,14576.0,15113.0,15113.0
91,370,Vila Rosália,0.0,100.0,6387.0,15021.0,15021.0
92,70,Hélio Pelegrino,4.9,95.1,9132.0,15742.0,14973.0
93,227,Guaianases,25.7,74.3,30434.0,19955.0,14831.0
94,345,Caieiras,7.0,93.0,16455.0,15843.0,14742.0
95,407,Mogi das Cruzes,10.0,90.0,14304.0,16307.0,14678.0
96,496,Jardim Planalto,0.0,100.0,17276.0,14671.0,14671.0
97,221,Parque Savoy,0.0,100.0,7160.0,14498.0,14498.0
98,117,Parque Morro Doce,0.0,100.0,9307.0,14478.0,14478.0
99,367,Ponte Grande,0.0,100.0,1973.0,14394.0,14394.0
100,356,Afonso Moreno,17.0,83.0,21252.0,17293.0,14362.0
101,495,Carapicuíba,41.4,58.6,36039.0,24448.0,14334.0
102,445,Barão de Mauá,0.0,100.0,14453.0,14106.0,14106.0
103,504,Jardim Novo Osasco,0.0,100.0,9974.0,14048.0,14048.0
104,265,Cidade IV Centenário,0.0,100.0,10540.0,13974.0,13974.0
105,315,Adventista,27.8,72.2,18461.0,19218.0,13870.0
106,348,Cajamar,0.0,100.0,775.0,13827.0,13827.0
107,468,Taboão da Serra,42.1,57.9,26090.0,23810.0,13781.0
108,121,Jardim Damasceno,0.0,100.0,10157.0,13657.0,13657.0
109,312,Jardim Ângela,15.6,84.4,10676.0,16074.0,13559.0
110,201,Vila Curuçá,29.0,71.0,18764.0,19104.0,13558.0
111,487,Aphaville,0.0,100.0,14594.0,13499.0,13499.0
112,371,André Luiz,0.0,100.0,6681.0,13477.0,13477.0
113,501,Bussocaba City,0.0,100.0,4628.0,13457.0,13457.0
114,244,Vila Heliópolis,6.9,93.1,17106.0,14344.0,13360.0
115,424,Santa Paula,6.1,93.9,14809.0,14217.0,13350.0
116,327,Jardim Umarizal,0.0,100.0,15209.0,13335.0,13335.0
117,274,Jabaquara,67.1,32.9,46782.0,40469.0,13298.0
118,377,Baquirivu,0.0,100.0,2317.0,13291.0,13291.0
119,161,Parque Novo Mundo,0.0,100.0,12127.0,13237.0,13237.0
120,388,Arujá,0.0,100.0,3765.0,13122.0,13122.0
121,428,São Caetano do Sul,52.3,47.7,20006.0,27450.0,13105.0
122,379,Pimentas,0.0,100.0,9472.0,13043.0,13043.0
123,506,Quitaúna,32.0,68.0,16119.0,19119.0,13010.0
124,239,Vila São José,37.2,62.8,28210.0,20612.0,12953.0
125,383,Chácaras Bananal,0.0,100.0,0.0,12951.0,12951.0
126,222,Vila Carmosina,0.0,100.0,9648.0,12859.0,12859.0
127,136,Casa Verde,0.0,100.0,12026.0,12810.0,12810.0
128,429,Santo André,63.7,36.3,35948.0,35192.0,12778.0
129,359,Mairiporã,0.0,100.0,3262.0,12648.0,12648.0
130,162,Vila Maria,0.0,100.0,4684.0,12631.0,12631.0
131,281,Vila São Pedro,0.0,100.0,4934.0,12555.0,12555.0
132,455,Baeta Neves,0.0,100.0,6101.0,12527.0,12527.0
133,228,Juscelino Kubitschek,0.0,100.0,24096.0,12450.0,12450.0
134,187,Parque Cruzeiro do Sul,0.0,100.0,18136.0,12434.0,12434.0
135,62,Parque Ibirapuera,9.0,91.0,9846.0,13643.0,12419.0
136,514,Jandira,28.1,71.9,30265.0,17252.0,12409.0
137,426,Estrada das Lágrimas,0.0,100.0,5338.0,12407.0,12407.0
138,369,Vila São Rafael,0.0,100.0,7064.0,12361.0,12361.0
139,218,Artur Alvim,47.3,52.7,25205.0,23411.0,12345.0
140,250,Jardim da Saúde,0.3,99.7,10315.0,12382.0,12339.0
141,464,Jardim das Nações,0.0,100.0,2793.0,12276.0,12276.0
142,183,Burgo Paulista,0.0,100.0,10257.0,12129.0,12129.0
143,163,Vila Isolina Mazzei,6.5,93.5,9214.0,12968.0,12121.0
144,522,Vargem Grande Paulista,0.0,100.0,0.0,12097.0,12097.0
145,235,Rodolfo Pirani,10.7,89.3,11279.0,13542.0,12091.0
146,255,Vila Zelina,14.3,85.7,10379.0,14104.0,12083.0
147,472,Santo Eduardo,0.0,100.0,10456.0,12017.0,12017.0
148,352,Franco da Rocha,15.7,84.3,17559.0,14229.0,11995.0
149,337,Jardim Adalgiza,0.0,100.0,13032.0,11929.0,11929.0
150,307,Guarapiranga,0.0,100.0,13665.0,11906.0,11906.0
151,14,Oriente,56.0,44.0,31930.0,26970.0,11875.0
152,190,Itaquera,28.0,72.0,18700.0,16450.0,11844.0
153,81,Jardim Europa,65.0,35.0,19577.0,33575.0,11741.0
154,111,São Domingos,2.3,97.7,5075.0,11994.0,11713.0
155,435,Vila Lucinda,0.0,100.0,1944.0,11696.0,11696.0
156,234,Parque São Rafael,0.0,100.0,12483.0,11684.0,11684.0
157,376,Jardim Presidente Dutra,0.0,100.0,6643.0,11676.0,11676.0
158,188,Vila Jacuí,0.0,100.0,14256.0,11664.0,11664.0
159,182,Ponte Rasa,0.0,100.0,15046.0,11646.0,11646.0
160,288,Jardim Represa,0.0,100.0,9958.0,11614.0,11614.0
161,220,Santa Marcelina,0.1,99.9,11105.0,11476.0,11468.0
162,467,Eldorado,0.0,100.0,5507.0,11462.0,11462.0
163,142,Jardim Peri,0.0,100.0,12828.0,11459.0,11459.0
164,381,Invernada,0.0,100.0,3776.0,11455.0,11455.0
165,219,Cidade Líder,0.0,100.0,12575.0,11453.0,11453.0
166,365,Cumbica,0.0,100.0,3227.0,11444.0,11444.0
167,320,Real Parque,0.0,100.0,7773.0,11435.0,11435.0
168,279,Vila Missionária,0.0,100.0,10659.0,11385.0,11385.0
169,323,Vila Suzana,19.1,80.9,9773.0,14027.0,11350.0
170,471,Parque Industrial,0.0,100.0,11719.0,11298.0,11298.0
171,223,Fazenda Caguaçu,1.0,99.0,8432.0,11316.0,11201.0
172,285,Pedreira,0.0,100.0,5181.0,11156.0,11156.0
173,287,Parque Interlagos,7.4,92.6,7295.0,11926.0,11045.0
174,425,Vila Gerti,9.6,90.4,6513.0,11886.0,10748.0
175,384,Estrada de Nazaré Paulista,0.0,100.0,3154.0,10662.0,10662.0
176,275,Cidade Vargas,60.9,39.1,31845.0,27213.0,10651.0
177,282,Campo Grande,0.0,100.0,7622.0,10645.0,10645.0
178,409,Vila Oliveira,3.1,96.9,14424.0,10974.0,10631.0
179,480,Embu-Guaçu,0.0,100.0,5257.0,10579.0,10579.0
180,305,Jardim São Luís,48.7,51.3,26048.0,20601.0,10566.0
181,273,Vila Santa Catarina,0.1,99.9,10124.0,10572.0,10565.0
182,211,Vila Formosa,2.1,97.9,7466.0,10716.0,10490.0
183,137,Parque Peruche,0.0,100.0,4100.0,10483.0,10483.0
184,293,Grajaú,24.8,75.2,17441.0,13927.0,10479.0
185,336,Jardim Ester Yolanda,0.0,100.0,3213.0,10408.0,10408.0
186,102,Alto da Lapa,5.2,94.8,9484.0,10973.0,10397.0
187,502,Nova Granada,33.8,66.2,16481.0,15507.0,10261.0
188,284,Mar Paulista,0.7,99.3,8279.0,10330.0,10258.0
189,140,Vila Santa Maria,0.0,100.0,8255.0,10254.0,10254.0
190,430,Vila Gilda,0.0,100.0,442.0,10193.0,10193.0
191,375,Aeroporto,21.4,78.6,6990.0,12909.0,10141.0
192,195,Rio Verde,0.0,100.0,10820.0,10117.0,10117.0
193,83,Vila Madalena,67.0,33.0,24598.0,30613.0,10102.0
194,326,Pirajussara,0.6,99.4,6099.0,10073.0,10010.0
195,76,Jardins,17.4,82.6,10788.0,12098.0,9996.0
196,411,Jundiapeba,10.1,89.9,10811.0,11117.0,9994.0
197,150,Jardim das Pedras,0.0,100.0,7482.0,9916.0,9916.0
198,92,Barra Funda,50.8,49.2,25435.0,20125.0,9905.0
199,510,Rochdale,0.2,99.8,3788.0,9886.0,9869.0
200,240,Vila Monumento,13.2,86.8,12464.0,11363.0,9864.0
201,134,Santa Terezinha,1.3,98.7,11688.0,9859.0,9729.0
202,215,Vila Matilde,30.1,69.9,15549.0,13910.0,9725.0
203,436,Parque Oratório,0.0,100.0,5557.0,9701.0,9701.0
204,380,Cabuçu,0.0,100.0,2055.0,9694.0,9694.0
205,310,Jardim Turquesa,14.8,85.2,15619.0,11290.0,9623.0
206,206,Itaim Paulista,34.3,65.7,23442.0,14645.0,9616.0
207,451,Rio Grande da Serra,0.5,99.5,10959.0,9615.0,9566.0
208,335,Rio Pequeno,0.0,100.0,11014.0,9507.0,9507.0
209,158,Vila Medeiros,0.0,100.0,6263.0,9362.0,9362.0
210,12,Pari,14.5,85.5,9960.0,10869.0,9293.0
211,39,Belém,5.9,94.1,10139.0,9830.0,9251.0
212,212,Barreira Grande,0.0,100.0,6763.0,9213.0,9213.0
213,521,Caucaia do Alto,0.0,100.0,0.0,9141.0,9141.0
214,213,Aricanduva,0.0,100.0,11948.0,9140.0,9140.0
215,48,Regente Feijó,4.2,95.8,6837.0,9522.0,9125.0
216,427,Santo Antônio,0.8,99.2,5070.0,9199.0,9123.0
217,67,Vila Nova Conceição,0.0,100.0,5424.0,9071.0,9071.0
218,390,Santa Isabel,0.0,100.0,530.0,9048.0,9048.0
219,113,Vila Jaguara,5.1,94.9,4906.0,9514.0,9033.0
220,321,Paraisópolis,48.5,51.5,10109.0,17512.0,9022.0
221,174,Rui Barbosa,10.4,89.6,18583.0,10071.0,9022.0
222,160,Jardim Japão,0.0,100.0,7408.0,9008.0,9008.0
223,249,Água Funda,0.0,100.0,6623.0,8936.0,8936.0
224,490,Vutopoca,0.0,100.0,8315.0,8908.0,8908.0
225,112,Jardim Mutinga,0.0,100.0,4213.0,8900.0,8900.0
226,498,Estrada do Jacarandá,0.0,100.0,2354.0,8898.0,8898.0
227,180,Ermelino Matarazzo,55.1,44.9,33774.0,19802.0,8897.0
228,19,Cambuci,0.0,100.0,10626.0,8875.0,8875.0
229,322,Jardim Vitória Régia,43.7,56.3,19733.0,15713.0,8853.0
230,43,Mooca,71.5,28.5,42575.0,31051.0,8846.0
231,203,Lajeado,34.5,65.5,26079.0,13453.0,8807.0
232,18,Independência,54.1,45.9,24933.0,19130.0,8773.0
233,497,Aldeia de Carapicuíba,0.0,100.0,7349.0,8734.0,8734.0
234,415,César de Souza,0.0,100.0,4891.0,8722.0,8722.0
235,332,Jardim Cambará,4.0,96.0,6985.0,9076.0,8713.0
236,517,Fernando Nobre,0.0,100.0,1946.0,8676.0,8676.0
237,181,Parque Buturussu,11.4,88.6,14566.0,9757.0,8650.0
238,437,Parque das Nações,8.1,91.9,3289.0,9400.0,8637.0
239,232,Iguatemi,24.4,75.6,8529.0,11321.0,8563.0
240,171,Tiquatira,36.2,63.8,16198.0,13388.0,8536.0
241,164,Vila Guilherme,0.0,100.0,5384.0,8525.0,8525.0
242,434,Utinga,41.6,58.4,7954.0,14567.0,8510.0
243,422,Guararema,0.0,100.0,1131.0,8509.0,8509.0
244,511,Mutinga,0.4,99.6,9265.0,8534.0,8498.0
245,290,SESC Interlagos,31.2,68.8,25436.0,12324.0,8478.0
246,8,Bom Retiro,1.4,98.6,8594.0,8577.0,8461.0
247,105,Vila Hamburguesa,5.0,95.0,6374.0,8905.0,8456.0
248,412,Jardim Graziella,0.0,100.0,4732.0,8449.0,8449.0
249,280,Jurubatuba,38.5,61.5,15626.0,13713.0,8432.0
250,115,Nova Jaraguá,37.0,63.0,12938.0,13316.0,8395.0
251,368,Gopouva,0.0,100.0,1930.0,8363.0,8363.0
252,372,Jardim Santa Clara,0.0,100.0,2989.0,8334.0,8334.0
253,192,Vila Campanela,30.2,69.8,15104.0,11855.0,8269.0
254,246,Anchieta,0.0,100.0,11041.0,8267.0,8267.0
255,122,Vila Souza,0.0,100.0,7382.0,8242.0,8242.0
256,13,João Teodoro,37.2,62.8,29998.0,13124.0,8241.0
257,483,Juquitiba,0.0,100.0,1086.0,8219.0,8219.0
258,317,Morumbi,32.6,67.4,14137.0,12154.0,8191.0
259,459,Riacho Grande,0.0,100.0,0.0,8186.0,8186.0
260,176,Cangaíba,13.3,86.7,15265.0,9430.0,8179.0
261,101,Vila Ipojuca,2.6,97.4,11027.0,8382.0,8161.0
262,225,Gleba do Pêssego,16.7,83.3,12108.0,9768.0,8138.0
263,405,Guaió,0.0,100.0,5525.0,8087.0,8087.0
264,333,Jardim João XXIII,0.0,100.0,5426.0,7957.0,7957.0
265,147,Parque Palmas do Tremembé,0.0,100.0,4805.0,7945.0,7945.0
266,37,Rudge,17.7,82.3,8182.0,9648.0,7944.0
267,512,Três Montanhas,0.0,100.0,6509.0,7938.0,7938.0
268,469,Jardim Irapuã,0.0,100.0,11039.0,7917.0,7917.0
269,184,Limoeiro,0.0,100.0,11491.0,7901.0,7901.0
270,230,Santa Etelvina,37.4,62.6,13386.0,12620.0,7900.0
271,155,Cohab Jova Rural,0.0,100.0,6916.0,7871.0,7871.0
272,209,Vila Carrão,32.5,67.5,7652.0,11594.0,7824.0
273,56,Rodrigues Alves,55.3,44.7,24196.0,17405.0,7775.0
274,138,Limão,11.3,88.7,6543.0,8727.0,7740.0
275,338,Parque Continental,0.0,100.0,3407.0,7724.0,7724.0
276,397,Jardim São José,0.0,100.0,7929.0,7713.0,7713.0
277,373,Parque CECAP,21.9,78.1,5424.0,9830.0,7678.0
278,302,Chácara Flora,52.0,48.0,12763.0,15870.0,7617.0
279,328,Portal do Morumbi,0.0,100.0,6282.0,7603.0,7603.0
280,124,Brasilândia,22.9,77.1,5513.0,9702.0,7478.0
281,196,Saudade,6.6,93.4,9477.0,7976.0,7449.0
282,329,Jardim Jussara,0.9,99.1,4934.0,7510.0,7439.0
283,309,Riviera,6.3,93.7,6384.0,7921.0,7426.0
284,185,Laranja da China,0.0,100.0,5976.0,7368.0,7368.0
285,346,Serpa,0.0,100.0,14140.0,7350.0,7350.0
286,491,Jardim Silveira,51.9,48.1,18485.0,15096.0,7269.0
287,233,Sítio Carrãozinho,45.3,54.7,14972.0,13268.0,7252.0
288,95,Vila Beatriz,27.9,72.1,6348.0,10030.0,7234.0
289,503,Recanto das Rosas,0.0,100.0,6729.0,7227.0,7227.0
290,334,Raposo Tavares,0.0,100.0,1050.0,7190.0,7190.0
291,289,Rio Bonito,43.2,56.8,7889.0,12614.0,7164.0
292,261,Jardim Colorado,57.5,42.5,16462.0,16783.0,7133.0
293,446,Estrada do Carneiro,0.0,100.0,9567.0,7008.0,7008.0
294,291,Jardim Presidente,38.9,61.1,12783.0,11389.0,6960.0
295,252,Jardim Previdência,4.0,96.0,5386.0,7199.0,6912.0
296,349,Jordanésia,0.0,100.0,273.0,6896.0,6896.0
297,236,Ipiranga,42.0,58.0,10320.0,11854.0,6871.0
298,139,Jardim Primavera,16.3,83.7,7210.0,8197.0,6864.0
299,331,Jardim Maria do Carmo,16.9,83.1,9448.0,8254.0,6859.0
300,123,Vila Terezinha,19.5,80.5,6116.0,8386.0,6749.0
301,361,Colinas,0.0,100.0,1464.0,6714.0,6714.0
302,258,Parque São Lucas,46.9,53.1,14210.0,12612.0,6696.0
303,493,Morada dos Lagos,0.0,100.0,1918.0,6673.0,6673.0
304,366,Várzea do Palácio,0.0,100.0,1549.0,6609.0,6609.0
305,343,Jardim Bonfiglioli,29.2,70.8,5203.0,9218.0,6526.0
306,47,Vila Bertioga,16.8,83.2,4506.0,7783.0,6472.0
307,231,Terceira Divisão,19.6,80.4,7538.0,8032.0,6458.0
308,165,Coroa,29.8,70.2,6654.0,9194.0,6451.0
309,262,Teotônio Vilela,42.3,57.7,11091.0,11159.0,6437.0
310,272,Jardim Aeroporto,25.0,75.0,1900.0,8569.0,6429.0
311,194,Parque Guarani,0.0,100.0,7597.0,6420.0,6420.0
312,148,Tremembé,0.0,100.0,5261.0,6362.0,6362.0
313,60,Planalto Paulista,48.3,51.7,9400.0,11894.0,6144.0
314,216,Cidade Patriarca,58.2,41.8,18869.0,14552.0,6088.0
315,110,Pirituba,66.2,33.8,30535.0,17946.0,6064.0
316,97,Boaçava,25.2,74.8,3224.0,7945.0,5939.0
317,292,Vila Natal,50.4,49.6,12784.0,11780.0,5847.0
318,264,São Mateus,61.1,38.9,15954.0,14651.0,5705.0
319,433,Campestre,48.4,51.6,7897.0,10838.0,5593.0
320,242,Vila Carioca,43.2,56.8,10454.0,9839.0,5591.0
321,40,Quarta Parada,49.3,50.7,15686.0,10784.0,5464.0
322,254,Orfanato,84.4,15.6,53109.0,34979.0,5443.0
323,172,Vila Esperança,49.6,50.4,13616.0,10802.0,5441.0
324,267,Cidade Satélite,51.4,48.6,6440.0,11134.0,5414.0
325,66,Bandeirantes,83.8,16.2,24315.0,33091.0,5367.0
326,197,São Miguel Paulista,35.6,64.4,5466.0,8273.0,5332.0
327,20,Glicério,28.3,71.7,5055.0,7342.0,5265.0
328,127,Freguesia do Ó,68.8,31.2,5834.0,16723.0,5214.0
329,65,Vila Helena,56.9,43.1,9989.0,12013.0,5178.0
330,319,Fazenda Morumbi,57.1,42.9,10494.0,11690.0,5020.0
331,263,Fazenda da Juta,72.5,27.5,23273.0,18237.0,5012.0
332,153,Tucuruvi,2.8,97.2,4650.0,4951.0,4811.0
333,96,Alto de Pinheiros,62.7,37.3,11794.0,12803.0,4781.0
334,339,Jaguaré,41.9,58.1,18454.0,8115.0,4715.0
335,217,Cidade A.E.Carvalho,41.8,58.2,11619.0,8094.0,4713.0
336,135,Jardim São Paulo,69.9,30.1,14584.0,15554.0,4676.0
337,125,Vila Morro Grande,57.2,42.8,7142.0,10733.0,4590.0
338,175,Estação Eng. Goulart,42.4,57.6,8367.0,7644.0,4401.0
339,241,Vila Independência,48.8,51.2,15034.0,8311.0,4252.0
340,259,Vila Cardoso Franco,47.9,52.1,8563.0,8020.0,4178.0
341,431,Valparaíso,4.3,95.7,3831.0,4340.0,4153.0
342,448,Jardim Santa Luzia,0.0,100.0,5434.0,4148.0,4148.0
343,508,Presidente Altino,65.3,34.7,19237.0,11717.0,4063.0
344,513,Ribeirão Itaqui,49.5,50.5,4392.0,8031.0,4054.0
345,126,Itaberaba,53.5,46.5,4503.0,8717.0,4052.0
346,42,Celso Garcia,4.1,95.9,6178.0,4062.0,3895.0
347,492,Jardim Belval,55.7,44.3,7734.0,8763.0,3883.0
348,324,Parque Arariba,75.3,24.7,32124.0,15290.0,3775.0
349,432,Sacadura Cabral,0.0,100.0,3408.0,3774.0,3774.0
350,286,Vila Socorro,63.2,36.8,9230.0,10233.0,3770.0
351,283,Vila Sabará,1.0,99.0,1835.0,3712.0,3674.0
352,210,Jardim Anália Franco,84.3,15.7,13697.0,22931.0,3593.0
353,313,Capão Redondo,86.6,13.4,14666.0,26787.0,3579.0
354,507,Jardim Piratininga,45.6,54.4,3356.0,6473.0,3522.0
355,475,Ressaca,0.0,100.0,218.0,3503.0,3503.0
356,21,Aclimação,59.7,40.3,7854.0,8321.0,3356.0
357,75,Pamplona,67.7,32.3,10015.0,10337.0,3336.0
358,152,Parada Inglesa,77.4,22.5,21040.0,14727.0,3321.0
359,173,Vila Ré,58.5,41.5,10087.0,7991.0,3317.0
360,479,São Lourenço da Serra,0.0,100.0,368.0,3227.0,3227.0
361,256,Linhas Corrente,67.8,32.2,9017.0,9727.0,3133.0
362,189,Parada XV,80.5,19.5,19602.0,15434.0,3016.0
363,416,Taiaçupeba,0.0,100.0,1272.0,2924.0,2924.0
364,527,Pirapora do Bom Jesus,0.0,100.0,2952.0,2903.0,2903.0
365,413,Itapeti,0.0,100.0,66.0,2874.0,2874.0
366,64,Moema,92.8,7.2,33615.0,39876.0,2859.0
367,50,Jardim da Glória,1.8,98.2,3891.0,2898.0,2845.0
368,481,Cipó,0.0,100.0,2554.0,2833.0,2833.0
369,257,Vila Ema,65.7,34.3,15878.0,8263.0,2833.0
370,418,Biritiba-Mirim,0.0,100.0,428.0,2810.0,2810.0
371,245,São João Clímaco,0.0,100.0,1411.0,2756.0,2756.0
372,107,Vila Leopoldina,78.6,21.4,17576.0,12831.0,2751.0
373,91,Santa Marina,86.4,13.6,37076.0,19485.0,2658.0
374,360,Paiva Castro,0.0,100.0,0.0,2576.0,2576.0
375,260,Parque Santa Madalena,70.8,29.2,15241.0,8813.0,2573.0
376,237,Sacomã,78.0,22.0,9523.0,11641.0,2556.0
377,271,Congonhas,74.1,25.9,9532.0,9573.0,2477.0
378,200,Jardim Romano,73.7,26.3,18493.0,8945.0,2356.0
379,108,Emissário,76.1,23.9,13149.0,9572.0,2291.0
380,191,Arena Corinthians,82.0,18.0,11355.0,12698.0,2284.0
381,266,Rio Claro,35.1,64.9,4017.0,3484.0,2262.0
382,449,Ouro Fino Paulista,0.0,100.0,1647.0,2221.0,2221.0
383,460,Caminho do Mar,0.0,100.0,0.0,2177.0,2177.0
384,450,Parque Sete Pontes,12.5,87.5,2879.0,2455.0,2148.0
385,99,Lapa de Baixo,85.5,14.5,21230.0,14388.0,2092.0
386,193,Araucárias,0.0,100.0,5984.0,2087.0,2087.0
387,41,Belenzinho,86.0,14.0,18903.0,14910.0,2084.0
388,489,Antônio João,24.1,75.9,58.0,2742.0,2082.0
389,145,Horto Florestal,0.0,100.0,1090.0,2058.0,2058.0
390,311,Morro do Índio,70.0,30.0,4106.0,6769.0,2030.0
391,515,Ribeirão das Pombas,0.0,100.0,1832.0,2011.0,2011.0
392,385,Água Azul,0.0,100.0,766.0,1969.0,1969.0
393,186,Pedro José Nunes,0.0,100.0,1740.0,1920.0,1920.0
394,157,Parque Edu Chaves,0.0,100.0,1191.0,1867.0,1867.0
395,414,Sabaúna,0.0,100.0,544.0,1820.0,1820.0
396,318,Jóquei Clube,78.8,21.2,3209.0,8412.0,1782.0
397,10,Canindé,80.5,19.5,14923.0,8948.0,1748.0
398,406,Ouro Fino,0.0,100.0,2381.0,1682.0,1682.0
399,342,Jardim Caxingui,49.8,50.2,6394.0,3303.0,1657.0
400,297,Jaceguava,0.1,99.9,2064.0,1640.0,1639.0
401,420,Salesópolis,0.0,100.0,1083.0,1606.0,1606.0
402,118,Anhanguera,0.0,100.0,1358.0,1572.0,1572.0
403,251,Vila Gumercindo,78.4,21.6,6047.0,7186.0,1552.0
404,299,Marsilac,0.0,100.0,2552.0,1499.0,1499.0
405,519,Capueira,0.0,100.0,1956.0,1483.0,1483.0
406,87,Sumaré,86.8,13.2,12181.0,11216.0,1479.0
407,362,Pirucaia,0.0,100.0,1115.0,1426.0,1426.0
408,391,Jaguari,0.0,100.0,0.0,1412.0,1412.0
409,389,Fazenda Velha,0.0,100.0,0.0,1405.0,1405.0
410,270,Campo Belo,83.9,16.1,3008.0,8426.0,1357.0
411,89,Vila Anglo Brasileira,40.8,59.2,3811.0,2245.0,1329.0
412,478,Embu-Mirim,0.0,100.0,708.0,1320.0,1320.0
413,441,Paranapiacaba,0.0,100.0,758.0,1298.0,1298.0
414,98,Vila Anastácio,70.0,30.0,3837.0,4315.0,1297.0
415,523,Quatro Encruzilhadas,0.0,100.0,431.0,1292.0,1292.0
416,88,Perdizes,93.1,6.9,19752.0,17950.0,1237.0
417,11,Bom Jardim,0.0,100.0,4772.0,1202.0,1202.0
418,344,Melhoramentos,0.0,100.0,277.0,1180.0,1180.0
419,314,Jardim Sônia Ingá,83.3,16.7,6217.0,6978.0,1168.0
420,58,Bosque da Saúde,93.6,6.4,27989.0,17935.0,1150.0
421,38,Catumbi,0.0,100.0,115.0,1112.0,1112.0
422,387,Arujazinho,0.0,100.0,0.0,1083.0,1083.0
423,177,Parque Ecológico do Tietê,33.5,66.5,4029.0,1548.0,1030.0
424,238,Alto do Ipiranga,90.8,9.2,11785.0,10398.0,956.0
425,132,Parque Anhembi,38.9,61.1,3720.0,1365.0,834.0
426,71,Brooklin,97.5,2.5,25028.0,30392.0,751.0
427,296,Bororé,0.5,99.5,781.0,736.0,732.0
428,477,Jardim Petrópolis,0.0,100.0,130.0,726.0,726.0
429,358,Cascatas,0.0,100.0,1179.0,709.0,709.0
430,482,Santa Rita,0.0,100.0,124.0,681.0,681.0
431,353,Parque do Juqueri,1.4,98.6,0.0,614.0,606.0
432,106,CEASA,94.8,5.2,12955.0,11448.0,596.0
433,303,Santo Amaro,98.5,1.5,25829.0,33751.0,520.0
434,248,Parque do Estado,0.0,100.0,0.0,483.0,483.0
435,17,Gasômetro,94.0,6.0,10836.0,7649.0,457.0
436,100,Lapa,99.1,0.9,41984.0,47789.0,411.0
437,103,Gavião Peixoto,80.0,20.0,2223.0,1657.0,331.0
438,104,Bela Aliança,82.6,17.4,1307.0,1736.0,301.0
439,253,Tamanduateí,92.1,7.9,3459.0,2880.0,227.0
440,224,Parque do Carmo,16.0,84.0,0.0,185.0,155.0
441,120,Vista Alegre,0.0,100.0,0.0,140.0,140.0
442,355,Sete Voltas,0.0,100.0,0.0,140.0,140.0
443,485,Três Nascentes,0.0,100.0,0.0,140.0,140.0
444,484,Cascalheira,0.0,100.0,0.0,140.0,140.0
445,386,Vasconcelândia,0.0,100.0,0.0,140.0,140.0
446,354,Palmares,0.0,100.0,0.0,140.0,140.0
447,423,Vila Luis Carlos,0.0,100.0,0.0,140.0,140.0
448,382,Morro dos Macacos,0.0,100.0,0.0,140.0,140.0
449,114,Parque do Jaraguá,0.0,100.0,0.0,140.0,140.0
450,143,Reserva da Cantareira,0.0,100.0,0.0,140.0,140.0
451,146,ETA Guaraú,0.0,100.0,0.0,140.0,140.0
452,461,Bairro dos Finco,0.0,100.0,0.0,111.0,111.0
453,347,Santa Inês,2.6,97.4,0.0,106.0,104.0
454,417,Quatinga-Barroso,0.0,100.0,0.0,95.0,95.0
455,214,Frei Mont'Alverne,99.1,0.9,9551.0,10281.0,88.0
456,395,Paiol Velho,4.2,95.8,0.0,80.0,77.0
457,350,Cristais,0.0,100.0,0.0,71.0,71.0
458,179,USP Leste II,50.4,49.6,0.0,140.0,70.0
459,520,Caucaia,0.0,100.0,0.0,68.0,68.0
460,393,Monte Negro,0.0,100.0,0.0,68.0,68.0
461,392,Barroca Funda,0.0,100.0,0.0,67.0,67.0
462,300,Jardim Emburá,0.0,100.0,204.0,67.0,67.0
463,419,Pico da Esplanada,0.0,100.0,0.0,65.0,65.0
464,421,Parque Nascentes do Tietê,0.0,100.0,0.0,64.0,64.0
465,149,Cantareira,0.0,100.0,0.0,63.0,63.0
466,32,Consolação,100.0,0.0,62087.0,60152.0,0.0
467,31,Vila Buarque,100.0,0.0,60397.0,40906.0,0.0
468,4,Ladeira da Memória,100.0,0.0,27504.0,22033.0,0.0
469,3,Praça João Mendes,100.0,0.0,36023.0,15783.0,0.0
470,33,Pacaembu,100.0,0.0,700.0,1395.0,0.0
471,34,FAAP,100.0,0.0,6956.0,8681.0,0.0
472,304,Vila Miranda,100.0,0.0,26482.0,29324.0,0.0
473,30,Higienópolis,100.0,0.0,14746.0,12250.0,0.0
474,36,Marechal Deodoro,100.0,0.0,50316.0,34087.0,0.0
475,35,Santa Cecília,100.0,0.0,45032.0,42984.0,0.0
476,24,Liberdade,100.0,0.0,62521.0,37125.0,0.0
477,29,Masp,100.0,0.0,76329.0,65471.0,0.0
478,28,São Carlos do Pinhal,100.0,0.0,23800.0,24800.0,0.0
479,27,Bela Vista,100.0,0.0,75458.0,48217.0,0.0
480,26,Bexiga,100.0,0.0,11734.0,9828.0,0.0
481,25,Treze de Maio,100.0,0.0,6499.0,7290.0,0.0
482,23,Centro Cultural,100.0,0.0,46028.0,19382.0,0.0
483,22,Pires da Mota,100.0,0.0,14012.0,5519.0,0.0
484,330,Vila Sônia,100.0,0.0,17835.0,16188.0,0.0
485,16,Brás,100.0,0.0,23986.0,13023.0,0.0
486,46,Água Rasa,100.0,0.0,8155.0,11005.0,0.0
487,341,Butantã,100.0,0.0,9484.0,13472.0,0.0
488,9,Ponte Pequena,100.0,0.0,17617.0,13728.0,0.0
489,5,República,100.0,0.0,118267.0,66078.0,0.0
490,7,Luz,100.0,0.0,54997.0,37387.0,0.0
491,6,Santa Ifigênia,100.0,0.0,53157.0,38516.0,0.0
492,15,Bresser,100.0,0.0,21622.0,13325.0,0.0
493,57,Paraíso,100.0,0.0,48713.0,35898.0,0.0
494,49,Ana Rosa,100.0,0.0,31476.0,13747.0,0.0
495,208,Vila Califórnia,100.0,0.0,29017.0,27089.0,0.0
496,79,Trianon,100.0,0.0,54348.0,54088.0,0.0
497,80,Jardim Paulistano,100.0,0.0,21059.0,24302.0,0.0
498,82,Pinheiros,100.0,0.0,67389.0,66553.0,0.0
499,84,PUC,100.0,0.0,11748.0,14541.0,0.0
500,85,Cardoso de Almeida,100.0,0.0,2798.0,2247.0,0.0
501,86,Zequinha de Abreu,100.0,0.0,3729.0,2278.0,0.0
502,90,Pompéia,100.0,0.0,3900.0,5024.0,0.0
503,301,Granja Julieta,100.0,0.0,80116.0,58901.0,0.0
504,93,Francisco Matarazzo,100.0,0.0,57790.0,44498.0,0.0
505,94,Água Branca,100.0,0.0,21567.0,21395.0,0.0
506,178,USP Leste I,100.0,0.0,2490.0,103.0,0.0
507,131,Tietê,100.0,0.0,14603.0,11803.0,0.0
508,130,Zaki Narchi,100.0,0.0,4142.0,2820.0,0.0
509,129,Santana,100.0,0.0,12097.0,13432.0,0.0
510,78,Oscar Freire,100.0,0.0,25317.0,14810.0,0.0
511,77,Clínicas,100.0,0.0,41805.0,39878.0,0.0
512,74,Campinas,100.0,0.0,63199.0,42901.0,0.0
513,73,Berrini,100.0,0.0,80052.0,62710.0,0.0
514,72,Vila Cordeiro,100.0,0.0,13133.0,12496.0,0.0
515,2,Parque Dom Pedro,100.0,0.0,64158.0,56618.0,0.0
516,268,Joaquim Nabuco,100.0,0.0,3865.0,7312.0,0.0
517,63,Jardim Luzitânia,100.0,0.0,23402.0,15813.0,0.0
518,61,Mirandópolis,100.0,0.0,28228.0,16933.0,0.0
519,269,Vieira de Moraes,100.0,0.0,9933.0,12131.0,0.0
520,59,Saúde,100.0,0.0,50465.0,29570.0,0.0
521,128,Carandiru,100.0,0.0,10306.0,11105.0,0.0
522,55,França Pinto,100.0,0.0,33105.0,17989.0,0.0
523,54,Vila Clementino,100.0,0.0,38440.0,41447.0,0.0
524,53,Santa Cruz,100.0,0.0,31279.0,27509.0,0.0
525,52,Vila Mariana,100.0,0.0,16796.0,11576.0,0.0
526,51,Chácara Klabin,100.0,0.0,16534.0,9379.0,0.0
527,1,Sé,100.0,0.0,85067.0,59461.0,0.0
